Variável,Nome Descritivo,Tipo de Dado,Unidade de Medida,Domínio / Categoria,Descrição / Significado,Observações
sg_empresa_icao,Sigla da Empresa Aérea (ICAO),Categórico (nominal),Não aplicável,Código ICAO; exemplo observado: AAL,Identificador da companhia no CSV.,Origem: companhia_icao. Candidata pré-voo: validar disponibilidade e versão histórica no instante da previsão. Preservar ausentes.
nr_voo,Número do Voo,Categórico (nominal),Não aplicável,Texto; exemplo: 0904,Identificador comercial do voo.,Origem: numero_voo. Candidata pré-voo: validar disponibilidade e versão histórica no instante da previsão. Preservar ausentes.
sg_icao_origem,Aeroporto de Origem (ICAO),Categórico (nominal),Não aplicável,Código ICAO; exemplo observado: SBGL,Identificador ICAO do aeródromo de origem.,Origem: origem_icao. Candidata pré-voo: validar disponibilidade e versão histórica no instante da previsão. Preservar ausentes.
sg_icao_destino,Aeroporto de Destino (ICAO),Categórico (nominal),Não aplicável,Código ICAO; exemplo observado: SBGL,Identificador ICAO do aeródromo de destino.,Origem: destino_icao. Candidata pré-voo: validar disponibilidade e versão histórica no instante da previsão. Preservar ausentes.
rota,Rota / Par Origem-Destino,Categórico (nominal),Não aplicável,Texto ORIGEM-DESTINO ou ausente,Par direcional combinando o aeródromo de origem e o de destino,Derivada de sg_icao_origem + '-' + sg_icao_destino; ausente se qualquer componente faltar. Candidata pré-voo: validar disponibilidade e versão histórica no instante da previsão. Preservar ausentes.
dt_partida_prevista,Data e Horário Previsto de Partida,Data,Não aplicável,AAAA-MM-DD HH:MM:SS ou ausente,Timestamp registrado de partida prevista.,Origem: partida_prevista. Fuso não informado no CSV. Candidata pré-voo: validar disponibilidade e versão histórica no instante da previsão. Preservar ausentes.
dt_partida_real,Data e Horário Real de Partida,Data,Não aplicável,AAAA-MM-DD HH:MM:SS ou ausente,Timestamp registrado de partida real.,Origem: partida_real. Fuso não informado no CSV. Informação de desfecho; excluir de X na previsão pré-voo. Preservar ausentes.
dt_chegada_prevista,Data e Horário Previsto de Chegada,Data,Não aplicável,AAAA-MM-DD HH:MM:SS ou ausente,Timestamp registrado de chegada prevista.,Origem: chegada_prevista. Fuso não informado no CSV. Candidata pré-voo: validar disponibilidade e versão histórica no instante da previsão. Preservar ausentes.
dt_chegada_real,Data e Horário Real de Chegada,Data,Não aplicável,AAAA-MM-DD HH:MM:SS ou ausente,Timestamp registrado de chegada real.,Origem: chegada_real. Fuso não informado no CSV. Informação de desfecho; excluir de X na previsão pré-voo. Preservar ausentes.
ano,Ano da Operação,Numérico (inteiro),Ano,Ano civil; validar cobertura na base completa,Ano da Operação extraído(a) do timestamp previsto de partida.,Derivada de dt_partida_prevista; ausente se data inválida ou ausente. Candidata pré-voo: validar disponibilidade e versão histórica no instante da previsão. Preservar ausentes.
mes,Mês da Operação,Numérico (inteiro),Mês,1 a 12,Mês da Operação extraído(a) do timestamp previsto de partida.,Derivada de dt_partida_prevista; ausente se data inválida ou ausente. Candidata pré-voo: validar disponibilidade e versão histórica no instante da previsão. Preservar ausentes.
dia_semana,Dia da Semana da Partida,Categórico (ordinal),Não aplicável,0 a 6 (0=Segunda ... 6=Domingo),Dia da Semana da Partida extraído(a) do timestamp previsto de partida.,Derivada de dt_partida_prevista; ausente se data inválida ou ausente. Candidata pré-voo: validar disponibilidade e versão histórica no instante da previsão. Preservar ausentes.
hora_partida_prevista,Hora Programada de Partida,Numérico (inteiro),Horas,0 a 23,Hora Programada de Partida extraído(a) do timestamp previsto de partida.,Derivada de dt_partida_prevista; ausente se data inválida ou ausente. Candidata pré-voo: validar disponibilidade e versão histórica no instante da previsão. Preservar ausentes.
minuto_partida_previsto,Minuto Programado de Partida,Numérico (inteiro),Minutos,0 a 59,Minuto Programado de Partida extraído(a) do timestamp previsto de partida.,Derivada de dt_partida_prevista; ausente se data inválida ou ausente. Candidata pré-voo: validar disponibilidade e versão histórica no instante da previsão. Preservar ausentes.
tempo_voo_planejado_minutos,Diferença bruta entre horários previstos,Numérico (contínuo),Minutos,Real com sinal ou ausente; sem faixa validada,(dt_chegada_prevista - dt_partida_prevista).total_seconds() / 60; diferença bruta entre timestamps.,"Fusos e comparabilidade temporal não comprovados, sobretudo em voos internacionais. Não interpretar como duração efetiva; excluir de X até validação. Preservar ausentes e investigar valores negativos."
cd_situacao_voo,Situação Operacional do Voo,Categórico (nominal),Não aplicável,"Observados: REALIZADO, CANCELADO",Situação operacional registrada no CSV.,Origem: situacao_voo. Informação de desfecho; excluir de X na previsão pré-voo. Preservar ausentes.
atraso_partida_minutos,Tempo Líquido de Atraso na Partida,Numérico (contínuo),Minutos,Real com sinal ou ausente; sem corte automático,(dt_partida_real - dt_partida_prevista).total_seconds() / 60.,Derivada para auditoria e construção dos alvos; comparar com atraso_partida_min. Investigar extremos e datas inconsistentes. Informação de desfecho; excluir de X na previsão pré-voo. Preservar ausentes.
faixa_atraso_partida,Faixa Ordinal de Atraso na Partida (Target Principal),Categórico (ordinal),Não aplicável,0: Pontual ou antecipado (x≤0); 1: Atraso inferior a 15 min (0<x<15); 2: Atraso de 15 a 30 min (15≤x≤30); 3: Atraso superior a 30 até 45 min (30<x≤45); 4: Atraso superior a 45 até 60 min (45<x≤60); 5: Atraso superior a 60 min (x>60).,"Alvo principal ordinal de seis classes, definido pelo estudo sobre atraso_partida_minutos (x).","Rótulo textual ordenado; código numérico em codigo_faixa_atraso. Sem classificação para não realizados ou atraso indisponível. Não usar em X; limiares operacionais do estudo, sem atribuição normativa."
atraso_bi,Indicador de Atraso Binário (Target Secundário),Categórico (nominal),Não aplicável,"0, 1 ou ausente","Alvo secundário: 1 se atraso_partida_minutos ≥15; 0 se <15, entre realizados com atraso disponível.",Limiar definido neste estudo. Ausente para não realizados ou atraso indisponível; não substituir ausentes por 0. Excluir de X.
codigo_faixa_atraso,Código ordinal da faixa de atraso,Categórico (ordinal),Não aplicável,"0, 1, 2, 3, 4, 5 ou ausente","Codificação de faixa_atraso_partida, preservando exatamente os seis intervalos definidos na linha do alvo principal.",Alvo numérico principal; ausente para não realizados ou atraso indisponível. Excluir de X.
